{ 
    "_id" : "DESKTOP-28U78H2-1597170778292", 
    "hostname" : "DESKTOP-28U78H2", 
    "startTime" : ISODate("2020-08-11T18:32:58.000+0000"), 
    "startTimeLocal" : "Wed Aug 12 00:02:58.292", 
    "cmdLine" : {
        "config" : "C:\\Program Files\\MongoDB\\Server\\4.4\\bin\\mongod.cfg", 
        "net" : {
            "bindIp" : "127.0.0.1", 
            "port" : NumberInt(27017)
        }, 
        "service" : true, 
        "storage" : {
            "dbPath" : "C:\\Program Files\\MongoDB\\Server\\4.4\\data", 
            "journal" : {
                "enabled" : true
            }
        }, 
        "systemLog" : {
            "destination" : "file", 
            "logAppend" : true, 
            "path" : "C:\\Program Files\\MongoDB\\Server\\4.4\\log\\mongod.log"
        }
    }, 
    "pid" : NumberLong(13208), 
    "buildinfo" : {
        "version" : "4.4.0", 
        "gitVersion" : "563487e100c4215e2dce98d0af2a6a5a2d67c5cf", 
        "targetMinOS" : "Windows 7/Windows Server 2008 R2", 
        "modules" : [

        ], 
        "allocator" : "tcmalloc", 
        "javascriptEngine" : "mozjs", 
        "sysInfo" : "deprecated", 
        "versionArray" : [
            NumberInt(4), 
            NumberInt(4), 
            NumberInt(0), 
            NumberInt(0)
        ], 
        "openssl" : {
            "running" : "Windows SChannel"
        }, 
        "buildEnvironment" : {
            "distmod" : "windows", 
            "distarch" : "x86_64", 
            "cc" : "cl: Microsoft (R) C/C++ Optimizing Compiler Version 19.26.28806 for x64", 
            "ccflags" : "/nologo /EHsc /W3 /wd4068 /wd4244 /wd4267 /wd4290 /wd4351 /wd4355 /wd4373 /wd4800 /wd5041 /wd4291 /we4013 /we4099 /we4930 /WX /errorReport:none /MD /O2 /Oy- /bigobj /utf-8 /permissive- /Zc:__cplusplus /Zc:sizedDealloc /volatile:iso /diagnostics:caret /std:c++17 /Gw /Gy /Zc:inline", 
            "cxx" : "cl: Microsoft (R) C/C++ Optimizing Compiler Version 19.26.28806 for x64", 
            "cxxflags" : "/TP", 
            "linkflags" : "/nologo /DEBUG /INCREMENTAL:NO /LARGEADDRESSAWARE /OPT:REF", 
            "target_arch" : "x86_64", 
            "target_os" : "windows", 
            "cppdefines" : "SAFEINT_USE_INTRINSICS 0 PCRE_STATIC NDEBUG BOOST_ALL_NO_LIB _UNICODE UNICODE _SILENCE_CXX17_ALLOCATOR_VOID_DEPRECATION_WARNING _SILENCE_CXX17_OLD_ALLOCATOR_MEMBERS_DEPRECATION_WARNING _SILENCE_CXX17_CODECVT_HEADER_DEPRECATION_WARNING _CONSOLE _CRT_SECURE_NO_WARNINGS _SCL_SECURE_NO_WARNINGS _WIN32_WINNT 0x0A00 BOOST_USE_WINAPI_VERSION 0x0A00 NTDDI_VERSION 0x0A000000 BOOST_THREAD_VERSION 5 BOOST_THREAD_USES_DATETIME BOOST_SYSTEM_NO_DEPRECATED BOOST_MATH_NO_LONG_DOUBLE_MATH_FUNCTIONS BOOST_ENABLE_ASSERT_DEBUG_HANDLER BOOST_LOG_NO_SHORTHAND_NAMES BOOST_LOG_USE_NATIVE_SYSLOG BOOST_LOG_WITHOUT_THREAD_ATTR ABSL_FORCE_ALIGNED_ACCESS"
        }, 
        "bits" : NumberInt(64), 
        "debug" : false, 
        "maxBsonObjectSize" : NumberInt(16777216), 
        "storageEngines" : [
            "biggie", 
            "devnull", 
            "ephemeralForTest", 
            "wiredTiger"
        ]
    }
}
{ 
    "_id" : "DESKTOP-28U78H2-1597218064615", 
    "hostname" : "DESKTOP-28U78H2", 
    "startTime" : ISODate("2020-08-12T07:41:04.000+0000"), 
    "startTimeLocal" : "Wed Aug 12 13:11:04.615", 
    "cmdLine" : {
        "config" : "C:\\Program Files\\MongoDB\\Server\\4.4\\bin\\mongod.cfg", 
        "net" : {
            "bindIp" : "127.0.0.1", 
            "port" : NumberInt(27017)
        }, 
        "service" : true, 
        "storage" : {
            "dbPath" : "C:\\Program Files\\MongoDB\\Server\\4.4\\data", 
            "journal" : {
                "enabled" : true
            }
        }, 
        "systemLog" : {
            "destination" : "file", 
            "logAppend" : true, 
            "path" : "C:\\Program Files\\MongoDB\\Server\\4.4\\log\\mongod.log"
        }
    }, 
    "pid" : NumberLong(4336), 
    "buildinfo" : {
        "version" : "4.4.0", 
        "gitVersion" : "563487e100c4215e2dce98d0af2a6a5a2d67c5cf", 
        "targetMinOS" : "Windows 7/Windows Server 2008 R2", 
        "modules" : [

        ], 
        "allocator" : "tcmalloc", 
        "javascriptEngine" : "mozjs", 
        "sysInfo" : "deprecated", 
        "versionArray" : [
            NumberInt(4), 
            NumberInt(4), 
            NumberInt(0), 
            NumberInt(0)
        ], 
        "openssl" : {
            "running" : "Windows SChannel"
        }, 
        "buildEnvironment" : {
            "distmod" : "windows", 
            "distarch" : "x86_64", 
            "cc" : "cl: Microsoft (R) C/C++ Optimizing Compiler Version 19.26.28806 for x64", 
            "ccflags" : "/nologo /EHsc /W3 /wd4068 /wd4244 /wd4267 /wd4290 /wd4351 /wd4355 /wd4373 /wd4800 /wd5041 /wd4291 /we4013 /we4099 /we4930 /WX /errorReport:none /MD /O2 /Oy- /bigobj /utf-8 /permissive- /Zc:__cplusplus /Zc:sizedDealloc /volatile:iso /diagnostics:caret /std:c++17 /Gw /Gy /Zc:inline", 
            "cxx" : "cl: Microsoft (R) C/C++ Optimizing Compiler Version 19.26.28806 for x64", 
            "cxxflags" : "/TP", 
            "linkflags" : "/nologo /DEBUG /INCREMENTAL:NO /LARGEADDRESSAWARE /OPT:REF", 
            "target_arch" : "x86_64", 
            "target_os" : "windows", 
            "cppdefines" : "SAFEINT_USE_INTRINSICS 0 PCRE_STATIC NDEBUG BOOST_ALL_NO_LIB _UNICODE UNICODE _SILENCE_CXX17_ALLOCATOR_VOID_DEPRECATION_WARNING _SILENCE_CXX17_OLD_ALLOCATOR_MEMBERS_DEPRECATION_WARNING _SILENCE_CXX17_CODECVT_HEADER_DEPRECATION_WARNING _CONSOLE _CRT_SECURE_NO_WARNINGS _SCL_SECURE_NO_WARNINGS _WIN32_WINNT 0x0A00 BOOST_USE_WINAPI_VERSION 0x0A00 NTDDI_VERSION 0x0A000000 BOOST_THREAD_VERSION 5 BOOST_THREAD_USES_DATETIME BOOST_SYSTEM_NO_DEPRECATED BOOST_MATH_NO_LONG_DOUBLE_MATH_FUNCTIONS BOOST_ENABLE_ASSERT_DEBUG_HANDLER BOOST_LOG_NO_SHORTHAND_NAMES BOOST_LOG_USE_NATIVE_SYSLOG BOOST_LOG_WITHOUT_THREAD_ATTR ABSL_FORCE_ALIGNED_ACCESS"
        }, 
        "bits" : NumberInt(64), 
        "debug" : false, 
        "maxBsonObjectSize" : NumberInt(16777216), 
        "storageEngines" : [
            "biggie", 
            "devnull", 
            "ephemeralForTest", 
            "wiredTiger"
        ]
    }
}
{ 
    "_id" : "DESKTOP-28U78H2-1597227496905", 
    "hostname" : "DESKTOP-28U78H2", 
    "startTime" : ISODate("2020-08-12T10:18:16.000+0000"), 
    "startTimeLocal" : "Wed Aug 12 15:48:16.905", 
    "cmdLine" : {
        "config" : "C:\\Program Files\\MongoDB\\Server\\4.4\\bin\\mongod.cfg", 
        "net" : {
            "bindIp" : "127.0.0.1", 
            "port" : NumberInt(27017)
        }, 
        "service" : true, 
        "storage" : {
            "dbPath" : "C:\\Program Files\\MongoDB\\Server\\4.4\\data", 
            "journal" : {
                "enabled" : true
            }
        }, 
        "systemLog" : {
            "destination" : "file", 
            "logAppend" : true, 
            "path" : "C:\\Program Files\\MongoDB\\Server\\4.4\\log\\mongod.log"
        }
    }, 
    "pid" : NumberLong(4528), 
    "buildinfo" : {
        "version" : "4.4.0", 
        "gitVersion" : "563487e100c4215e2dce98d0af2a6a5a2d67c5cf", 
        "targetMinOS" : "Windows 7/Windows Server 2008 R2", 
        "modules" : [

        ], 
        "allocator" : "tcmalloc", 
        "javascriptEngine" : "mozjs", 
        "sysInfo" : "deprecated", 
        "versionArray" : [
            NumberInt(4), 
            NumberInt(4), 
            NumberInt(0), 
            NumberInt(0)
        ], 
        "openssl" : {
            "running" : "Windows SChannel"
        }, 
        "buildEnvironment" : {
            "distmod" : "windows", 
            "distarch" : "x86_64", 
            "cc" : "cl: Microsoft (R) C/C++ Optimizing Compiler Version 19.26.28806 for x64", 
            "ccflags" : "/nologo /EHsc /W3 /wd4068 /wd4244 /wd4267 /wd4290 /wd4351 /wd4355 /wd4373 /wd4800 /wd5041 /wd4291 /we4013 /we4099 /we4930 /WX /errorReport:none /MD /O2 /Oy- /bigobj /utf-8 /permissive- /Zc:__cplusplus /Zc:sizedDealloc /volatile:iso /diagnostics:caret /std:c++17 /Gw /Gy /Zc:inline", 
            "cxx" : "cl: Microsoft (R) C/C++ Optimizing Compiler Version 19.26.28806 for x64", 
            "cxxflags" : "/TP", 
            "linkflags" : "/nologo /DEBUG /INCREMENTAL:NO /LARGEADDRESSAWARE /OPT:REF", 
            "target_arch" : "x86_64", 
            "target_os" : "windows", 
            "cppdefines" : "SAFEINT_USE_INTRINSICS 0 PCRE_STATIC NDEBUG BOOST_ALL_NO_LIB _UNICODE UNICODE _SILENCE_CXX17_ALLOCATOR_VOID_DEPRECATION_WARNING _SILENCE_CXX17_OLD_ALLOCATOR_MEMBERS_DEPRECATION_WARNING _SILENCE_CXX17_CODECVT_HEADER_DEPRECATION_WARNING _CONSOLE _CRT_SECURE_NO_WARNINGS _SCL_SECURE_NO_WARNINGS _WIN32_WINNT 0x0A00 BOOST_USE_WINAPI_VERSION 0x0A00 NTDDI_VERSION 0x0A000000 BOOST_THREAD_VERSION 5 BOOST_THREAD_USES_DATETIME BOOST_SYSTEM_NO_DEPRECATED BOOST_MATH_NO_LONG_DOUBLE_MATH_FUNCTIONS BOOST_ENABLE_ASSERT_DEBUG_HANDLER BOOST_LOG_NO_SHORTHAND_NAMES BOOST_LOG_USE_NATIVE_SYSLOG BOOST_LOG_WITHOUT_THREAD_ATTR ABSL_FORCE_ALIGNED_ACCESS"
        }, 
        "bits" : NumberInt(64), 
        "debug" : false, 
        "maxBsonObjectSize" : NumberInt(16777216), 
        "storageEngines" : [
            "biggie", 
            "devnull", 
            "ephemeralForTest", 
            "wiredTiger"
        ]
    }
}
{ 
    "_id" : "DESKTOP-28U78H2-1597261717548", 
    "hostname" : "DESKTOP-28U78H2", 
    "startTime" : ISODate("2020-08-12T19:48:37.000+0000"), 
    "startTimeLocal" : "Thu Aug 13 01:18:37.548", 
    "cmdLine" : {
        "config" : "C:\\Program Files\\MongoDB\\Server\\4.4\\bin\\mongod.cfg", 
        "net" : {
            "bindIp" : "127.0.0.1", 
            "port" : NumberInt(27017)
        }, 
        "service" : true, 
        "storage" : {
            "dbPath" : "C:\\Program Files\\MongoDB\\Server\\4.4\\data", 
            "journal" : {
                "enabled" : true
            }
        }, 
        "systemLog" : {
            "destination" : "file", 
            "logAppend" : true, 
            "path" : "C:\\Program Files\\MongoDB\\Server\\4.4\\log\\mongod.log"
        }
    }, 
    "pid" : NumberLong(4924), 
    "buildinfo" : {
        "version" : "4.4.0", 
        "gitVersion" : "563487e100c4215e2dce98d0af2a6a5a2d67c5cf", 
        "targetMinOS" : "Windows 7/Windows Server 2008 R2", 
        "modules" : [

        ], 
        "allocator" : "tcmalloc", 
        "javascriptEngine" : "mozjs", 
        "sysInfo" : "deprecated", 
        "versionArray" : [
            NumberInt(4), 
            NumberInt(4), 
            NumberInt(0), 
            NumberInt(0)
        ], 
        "openssl" : {
            "running" : "Windows SChannel"
        }, 
        "buildEnvironment" : {
            "distmod" : "windows", 
            "distarch" : "x86_64", 
            "cc" : "cl: Microsoft (R) C/C++ Optimizing Compiler Version 19.26.28806 for x64", 
            "ccflags" : "/nologo /EHsc /W3 /wd4068 /wd4244 /wd4267 /wd4290 /wd4351 /wd4355 /wd4373 /wd4800 /wd5041 /wd4291 /we4013 /we4099 /we4930 /WX /errorReport:none /MD /O2 /Oy- /bigobj /utf-8 /permissive- /Zc:__cplusplus /Zc:sizedDealloc /volatile:iso /diagnostics:caret /std:c++17 /Gw /Gy /Zc:inline", 
            "cxx" : "cl: Microsoft (R) C/C++ Optimizing Compiler Version 19.26.28806 for x64", 
            "cxxflags" : "/TP", 
            "linkflags" : "/nologo /DEBUG /INCREMENTAL:NO /LARGEADDRESSAWARE /OPT:REF", 
            "target_arch" : "x86_64", 
            "target_os" : "windows", 
            "cppdefines" : "SAFEINT_USE_INTRINSICS 0 PCRE_STATIC NDEBUG BOOST_ALL_NO_LIB _UNICODE UNICODE _SILENCE_CXX17_ALLOCATOR_VOID_DEPRECATION_WARNING _SILENCE_CXX17_OLD_ALLOCATOR_MEMBERS_DEPRECATION_WARNING _SILENCE_CXX17_CODECVT_HEADER_DEPRECATION_WARNING _CONSOLE _CRT_SECURE_NO_WARNINGS _SCL_SECURE_NO_WARNINGS _WIN32_WINNT 0x0A00 BOOST_USE_WINAPI_VERSION 0x0A00 NTDDI_VERSION 0x0A000000 BOOST_THREAD_VERSION 5 BOOST_THREAD_USES_DATETIME BOOST_SYSTEM_NO_DEPRECATED BOOST_MATH_NO_LONG_DOUBLE_MATH_FUNCTIONS BOOST_ENABLE_ASSERT_DEBUG_HANDLER BOOST_LOG_NO_SHORTHAND_NAMES BOOST_LOG_USE_NATIVE_SYSLOG BOOST_LOG_WITHOUT_THREAD_ATTR ABSL_FORCE_ALIGNED_ACCESS"
        }, 
        "bits" : NumberInt(64), 
        "debug" : false, 
        "maxBsonObjectSize" : NumberInt(16777216), 
        "storageEngines" : [
            "biggie", 
            "devnull", 
            "ephemeralForTest", 
            "wiredTiger"
        ]
    }
}
